Full_Name,Gender
Nguyễn Thanh An,1
Nguyễn Thế An,1
Lê Bá Anh,1
Vũ Lâm Anh,1
Ngô Việt Anh,1
Phan Công Anh,1
Hồ Ngọc Ánh,0
Trương Gia Bách,1
Nguyễn Đình Bắc,1
Lê Ngọc Bình,1
Nguyễn Thanh Bình,1
Đậu Văn Cần,1
Nguyễn Hữu Chí,1
Trần Dương Chính,1
Đoàn Ngọc Cường,1
Nguyễn Minh Cường,1
Nguyễn Tiến Doanh,1
Bùi Tiến Dũng,1
Nguyễn Việt Dũng,1
Hoàng Đình Dũng,1
Trần Công Duy,1
Tạ Quang Duy,1
Nguyễn Hải Dương,1
Trần Hoàng Dương,1
Nguyễn Bá Dương,1
Nguyễn Mạnh Dương,1
Võ Đình Đạt,1
Hoàng Thành Đạt,1
Trần Quốc Đệ,1
Đỗ Nghiêm Đức,1
Trịnh Hoàng Giang,1
Nhữ Minh Hà,1
Nguyễn Nam Hải,1
Nguyễn Song Hào,1
Trần Thị Hiền,0
Hà Hoàng Hiệp,1
Lê Quang Hiếu,1
Phạm Trung Hiếu,1
Hoàng Minh Hoàng,1
Hoàng Quang Nguyên Hoàng,1
Vũ Đức Hùng,1
Phan Đức Hưng,1
Luyện Minh Khánh,1
Lê Trung Kiên,1
Đỗ Đình Kiên,1
Đỗ Đức Tuấn Kiên,1
Phạm Tuấn Kiệt,1
Trần Lê Mỹ Linh,0
Bùi Khánh Linh,0
Vũ Tùng Linh,1
Nguyễn Hải Long,1
Nguyễn Thành Long,1
Nguyễn Tùng Lương,1
Đào Hà Xuân Mai,0
Nguyễn Nhật Minh,1
Tạ Ngọc Minh,1
Vũ Tuấn Minh,1
Nguyễn Viết Minh,1
Vũ Nhật Minh,1
Nguyễn Hữu Nam,1
Nguyễn Quý Ngọc,1
Đường Anh Nhật,1
Bùi Anh Nhật,1
Nguyễn Quang Pháp,1
Nguyễn Hà Phong,1
Vũ Hoàng Phúc,1
Nguyễn Minh Phương,1
Bùi Minh Quang,1
Phạm Ngọc Quân,1
Đường Minh Quân,1
Đường Trần Nhật Quốc,1
Nguyễn Văn Quốc,1
Nguyễn Nguyễn Công Quý,1
Lăng Văn Quý,1
Hoàng Tú Quyên,0
Huỳnh Sáng,1
Nguyễn Đắc Tâm,1
Phạm Đức Thành,1
Nguyễn Bá Thiêm,1
Trần Văn Toàn,1
Nguyễn Quang Tri,1
Đặng Kiều Trinh,0
Nguyễn Việt Trung,1
Phạm Quang Trung,1
Nguyễn Trung Trực,1
Phan Đình Trường,1
Trần Thanh Trường,1
Đỗ Hoàng Tuấn,1
Nguyễn Minh Tuấn,1
Phạm Quang Tùng,1
Đoàn Minh Việt,1
Đoàn Thế Vinh,1
Lê Bá Vũ,1